ID,Binomial,Replicate,Citation,Class,Order,Family,Genus,Species,Subspecies,Authority,Common_name,Location,Country,All_countries,Region,IPBES_region,IPBES_subregion,Latitude,Longitude,Specific_location,System,T_realm,T_biome,FW_realm,FW_biome,M_realm,M_ocean,M_biome,Migratory_fw_fish,Units,Method,1950,1951,1952,1953,1954,1955,1956,1957,1958,1959,1960,1961,1962,1963,1964,1965,1966,1967,1968,1969,1970,1971,1972,1973,1974,1975,1976,1977,1978,1979,1980,1981,1982,1983,1984,1985,1986,1987,1988,1989,1990,1991,1992,1993,1994,1995,1996,1997,1998,1999,2000,2001,2002,2003,2004,2005,2006,2007,2008,2009,2010,2011,2012,2013,2014,2015,2016,2017,2018,2019,2020
437,Prunella_modularis,1,Svensson_S._M._Svensson_et_al._(1999)._Svensk_Fagelatlas_(Swedish_Bird_Atlas)._Vår_Fågelvärld._:_551.,Aves,Passeriformes,Prunellidae,Prunella,modularis,NULL,(Linnaeus_1758),Dunnock,Sweden,Sweden,Sweden,Europe,Europe_and_Central_Asia,Central_and_Western_Europe,62,15,0,Terrestrial,Palearctic,Boreal_forests*taiga,NULL,NULL,NULL,NULL,NULL,0,Population_index,Unknown,NULL,NULL,NULL,NULL,NULL,NULL,NULL,NULL,NULL,NULL,NULL,NULL,NULL,NULL,NULL,NULL,NULL,NULL,NULL,NULL,NULL,NULL,NULL,NULL,NULL,50,66,84,85,112,113,146,122,126,98,77,79,69,77,85,88,93,74,71,78,79,73,57,64,NULL,NULL,NULL,NULL,NULL,NULL,NULL,NULL,NULL,NULL,NULL,NULL,NULL,NULL,NULL,NULL,NULL,NULL,NULL,NULL,NULL,NULL
2824,Prunella_modularis,1,Husby_M._S._Stueflotten_et_al._(2004)._Norsk_Hekkefugltaksering._Årsrapport_for_2003._Rapport_nr._4-2004_Norsk_Ornitologisk_Forening.,Aves,Passeriformes,Prunellidae,Prunella,modularis,NULL,(Linnaeus_1758),Dunnock,Norway,Norway,Norway,Europe,Europe_and_Central_Asia,Central_and_Western_Europe,62,10,0,Terrestrial,Palearctic,Boreal_forests*taiga,NULL,NULL,NULL,NULL,NULL,0,Index,Recorded_hatchings,NULL,NULL,NULL,NULL,NULL,NULL,NULL,NULL,NULL,NULL,NULL,NULL,NULL,NULL,NULL,NULL,NULL,NULL,NULL,NULL,NULL,NULL,NULL,NULL,NULL,NULL,NULL,NULL,NULL,NULL,NULL,NULL,NULL,NULL,NULL,NULL,NULL,NULL,NULL,NULL,NULL,NULL,NULL,NULL,NULL,NULL,100,90,88,91,88,99,77,88,NULL,NULL,NULL,NULL,NULL,NULL,NULL,NULL,NULL,NULL,NULL,NULL,NULL,NULL,NULL,NULL,NULL
2825,Prunella_modularis,1,Norsk_Ornitologisk_Forenig_(2004)._Bestandsovervåking_av_rovfugler_ringdue_og_spurvefugler_ved_trekktellinger_og_ringmerking_på_Mølen_.,Aves,Passeriformes,Prunellidae,Prunella,modularis,NULL,(Linnaeus_1758),Dunnock,Jomfruland_fuglestasjon_Krager?®_kommune_Telemark,Norway,Norway,Europe,Europe_and_Central_Asia,Central_and_Western_Europe,58.86667,9.41667,1,Terrestrial,Palearctic,Boreal_forests*taiga,NULL,NULL,NULL,NULL,NULL,0,Number_caugt_in_net,Number_migrating_during_autumn_migration,NULL,NULL,NULL,NULL,NULL,NULL,NULL,NULL,NULL,NULL,NULL,NULL,NULL,NULL,NULL,NULL,NULL,NULL,NULL,NULL,NULL,NULL,NULL,NULL,NULL,NULL,NULL,NULL,NULL,NULL,NULL,NULL,NULL,NULL,NULL,NULL,NULL,NULL,NULL,NULL,14,10,13,3,6,6,10,6,10,13,13,14,14,15,NULL,NULL,NULL,NULL,NULL,NULL,NULL,NULL,NULL,NULL,NULL,NULL,NULL,NULL,NULL,NULL,NULL
2826,Prunella_modularis,1,Norsk_Ornitologisk_Forenig_(2004)._Bestandsovervåking_av_rovfugler_ringdue_og_spurvefugler_ved_trekktellinger_og_ringmerking_på_Mølen_.,Aves,Passeriformes,Prunellidae,Prunella,modularis,NULL,(Linnaeus_1758),Dunnock,Lista_fuglestasjon_Farsund_Vest-Agder,Norway,Norway,Europe,Europe_and_Central_Asia,Central_and_Western_Europe,58.08333,6.8,1,Terrestrial,Palearctic,Temperate_coniferous_forests,NULL,NULL,NULL,NULL,NULL,0,Number_caugt_in_net,Number_migrating_during_autumn_migration,NULL,NULL,NULL,NULL,NULL,NULL,NULL,NULL,NULL,NULL,NULL,NULL,NULL,NULL,NULL,NULL,NULL,NULL,NULL,NULL,NULL,NULL,NULL,NULL,NULL,NULL,NULL,NULL,NULL,NULL,NULL,NULL,NULL,NULL,NULL,NULL,NULL,NULL,NULL,NULL,NULL,NULL,94,188,70,64,134,43,102,40,90,56,90,71,NULL,NULL,NULL,NULL,NULL,NULL,NULL,NULL,NULL,NULL,NULL,NULL,NULL,NULL,NULL,NULL,NULL
3537,Prunella_modularis,0,EBCC*BirdLife*RSPB*CSO_(2021)_Trends_of_common_birds_in_Europe_2021_update._Available_at:_https:**pecbms.info*trends-and-indicators*species-trends*.,Aves,Passeriformes,Prunellidae,Prunella,modularis,,(Linnaeus_1758),Dunnock,Europe_-_AT_BE_CZ_DK_EE_FI_FR_DE_HU_IT_LV_LU_NL_NO_PL_IE_SK_ES_SE_CH_GB,United_Kingdom,United_Kingdom_France_Germany_Sweden_Norway_Ireland_Spain_Finland_Slovakia_Belgium_Czech_Republic_Austria_Netherlands_Latvia_Poland_Switzerland_Italy_Denmark_Estonia_Luxembourg_Hungary,Europe,Europe_and_Central_Asia,Central_and_Western_Europe,50.52528,7.59722,0,Terrestrial,Palearctic,Temperate_broadleaf_and_mixed_forests,NULL,NULL,NULL,NULL,NULL,0,Index,Large-scale_monitoring_with_standardised_methods,NULL,NULL,NULL,NULL,NULL,NULL,NULL,NULL,NULL,NULL,NULL,NULL,NULL,NULL,NULL,NULL,NULL,NULL,NULL,NULL,NULL,NULL,NULL,NULL,NULL,NULL,NULL,NULL,NULL,NULL,100,110.118156,88.373082,95.335741,88.168566,78.986288,79.917777,74.41588,75.784733,80.556442,82.200697,80.184832,78.300969,78.927105,84.187101,80.198117,77.989273,74.494853,72.532589,72.598897,73.217412,76.055596,77.364212,76.088393,73.914429,75.004874,75.017068,75.11747,75.003566,72.434961,73.723436,70.545166,71.630444,70.197098,67.55993,74.553388,71.113604,72.580552,71.359865,69.241621,NULL
4951,Prunella_modularis,1,Wesolowski_T._and_L._Tomialojc_(1997)._Breeding_bird_dynamics_in_a_primeval_temeperate_forest:_long-term_trends_in_Bialowieza_national_Park_(Poland)._Ecography_20:_432-453.,Aves,Passeriformes,Prunellidae,Prunella,modularis,NULL,(Linnaeus_1758),Dunnock,Bialowieza_National_Park_Poland,Poland,Poland,Europe,Europe_and_Central_Asia,Central_and_Western_Europe,52.66667,23.83333,1,Terrestrial,Palearctic,Temperate_broadleaf_and_mixed_forests,NULL,NULL,NULL,NULL,NULL,0,Number_of_breeding_pairs,Permanent_census_plots,NULL,NULL,NULL,NULL,NULL,NULL,NULL,NULL,NULL,NULL,NULL,NULL,NULL,NULL,NULL,NULL,NULL,NULL,NULL,NULL,NULL,NULL,NULL,NULL,NULL,20.43,32.256,18,21.312,27.432,26.568,27,27.882,38.826,26.568,29.196,28.314,38.376,47.574,42.318,34.002,27.432,28.314,40.14,41.454,NULL,NULL,NULL,NULL,NULL,NULL,NULL,NULL,NULL,NULL,NULL,NULL,NULL,NULL,NULL,NULL,NULL,NULL,NULL,NULL,NULL,NULL,NULL,NULL,NULL,NULL
6050,Prunella_modularis,0,Williamson_M._(1983)._The_Land-Bird_Community_of_Skokholm:_Ordination_and_Turnover._Oikos_41(3):_378-384.*_NERC_Centre_for_Population_Biology_(1999)._The_Global_Populations_Dynamics_Database._http:**cpbnts1.bio.ic.ac.uk*gpdd*_Imperial_College_.,Aves,Passeriformes,Prunellidae,Prunella,modularis,NULL,(Linnaeus_1758),Dunnock,Skokholm_Island,United_Kingdom,United_Kingdom,Europe,Europe_and_Central_Asia,Central_and_Western_Europe,51.698949,-5.277271,1,Terrestrial,Palearctic,Temperate_broadleaf_and_mixed_forests,NULL,NULL,NULL,NULL,NULL,0,Pairs,Count_-_observation,0,0,0,0,0,0,0,0,0,0,0,0,0,0,2,4,4,4,4,4,4,5,5,6,7,6,9,12,9,3,NULL,NULL,NULL,NULL,NULL,NULL,NULL,NULL,NULL,NULL,NULL,NULL,NULL,NULL,NULL,NULL,NULL,NULL,NULL,NULL,NULL,NULL,NULL,NULL,NULL,NULL,NULL,NULL,NULL,NULL,NULL,NULL,NULL,NULL,NULL,NULL,NULL,NULL,NULL,NULL,NULL
6051,Prunella_modularis,0,Beven_G._(1976)._Changes_in_breeding_bird_populations_of_an_oak-wood_on_Bookham_Common_Surrey_over_twenty-seven_years._._The_London_Naturalist._55:_23-42.*_NERC_Centre_for_Population_Biology_(1999)._The_Global_Populations_Dynamics_Database._http:**cpbnts1.bio.ic.ac.uk*gpdd*_Imperial_College_.,Aves,Passeriformes,Prunellidae,Prunella,modularis,NULL,(Linnaeus_1758),Dunnock,Eastern_Wood_Bookham_Common,United_Kingdom,United_Kingdom,Europe,Europe_and_Central_Asia,Central_and_Western_Europe,51.29167,-0.38361,1,Terrestrial,Palearctic,Temperate_broadleaf_and_mixed_forests,NULL,NULL,NULL,NULL,NULL,0,Territories_of_singing_males,Based_on_positions_and_patterns_of_singing_males,2,2,2,4,1,2,4,NULL,1,2,0,1,4,4,5,5,4,8,6,6,3,2,1,0,3,1,NULL,NULL,NULL,NULL,NULL,NULL,NULL,NULL,NULL,NULL,NULL,NULL,NULL,NULL,NULL,NULL,NULL,NULL,NULL,NULL,NULL,NULL,NULL,NULL,NULL,NULL,NULL,NULL,NULL,NULL,NULL,NULL,NULL,NULL,NULL,NULL,NULL,NULL,NULL,NULL,NULL,NULL,NULL,NULL,NULL
6052,Prunella_modularis,0,Österlöf_S._and_B.-O._Stolt_(1982)._Population_Trends_Indicated_by_Birds_Ringed_in_Sweden._Ornis_Scandinavica_13(2):_135-140.*_NERC_Centre_for_Population_Biology_(1999)._The_Global_Populations_Dynamics_Database._http:**cpbnts1.bio.ic.ac.uk*gpdd*_Imperial_College_.,Aves,Passeriformes,Prunellidae,Prunella,modularis,NULL,(Linnaeus_1758),Dunnock,Sweden,Sweden,Sweden,Europe,Europe_and_Central_Asia,Central_and_Western_Europe,63,17,0,Terrestrial,Palearctic,Boreal_forests*taiga,NULL,NULL,NULL,NULL,NULL,0,Individuals_per_100000_birds_ringed,Bird_ringing,NULL,NULL,NULL,NULL,NULL,NULL,NULL,NULL,NULL,NULL,477,854,1311,943,1324,1657,1675,828,849,1021,874,676,850,1290,1716,1310,1761,1148,NULL,NULL,NULL,NULL,NULL,NULL,NULL,NULL,NULL,NULL,NULL,NULL,NULL,NULL,NULL,NULL,NULL,NULL,NULL,NULL,NULL,NULL,NULL,NULL,NULL,NULL,NULL,NULL,NULL,NULL,NULL,NULL,NULL,NULL,NULL,NULL,NULL,NULL,NULL,NULL,NULL,NULL,NULL
6571,Prunella_modularis,1,Reserva_Biológica_de_Doñana_(2008)._Datos_del_Equipo_de_Seguimiento_de_Procesos_Naturales_de_la_Estación_Biológica_de_Doñana._http:**www-rbd.ebd.csic.es*Seguimiento*mediofisico.htm.,Aves,Passeriformes,Prunellidae,Prunella,modularis,NULL,(Linnaeus_1758),Dunnock,Anillamiento_Station_(PN_Do??ana),Spain,Spain,Europe,Europe_and_Central_Asia,Central_and_Western_Europe,37,-6.41667,1,Terrestrial,Palearctic,Mediterranean_forests_woodlands_and_scrub,NULL,NULL,NULL,NULL,NULL,0,Individuals,number_of_individuals_caught_in_net_for_bird_ringing_activities,NULL,NULL,NULL,NULL,NULL,NULL,NULL,NULL,NULL,NULL,NULL,NULL,NULL,NULL,NULL,NULL,NULL,NULL,NULL,NULL,NULL,NULL,NULL,NULL,NULL,NULL,NULL,NULL,NULL,NULL,NULL,NULL,NULL,NULL,NULL,NULL,NULL,NULL,NULL,NULL,NULL,NULL,NULL,NULL,1,34,1,1,3,5,2,0,0,0,0,1,0,NULL,NULL,NULL,NULL,NULL,NULL,NULL,NULL,NULL,NULL,NULL,NULL,NULL,NULL
19468,Prunella_modularis,1,Catalan_Ornithological_Institute_(2019)_SOCC_-_Catalan_Common_Bird_Survey.,Aves,Passeriformes,Prunellidae,Prunella,modularis,,(Linnaeus_1758),Dunnock,Catalonia,Spain,Spain,Europe,Europe_and_Central_Asia,Central_and_Western_Europe,41.82046,1.86768,0,Terrestrial,Palearctic,Mediterranean_forests_woodlands_and_scrub,NULL,NULL,NULL,NULL,NULL,0,Index_values,Regional_population_indices(generated_using_TRIM)_based_on_raw_counts,NULL,NULL,NULL,NULL,NULL,NULL,NULL,NULL,NULL,NULL,NULL,NULL,NULL,NULL,NULL,NULL,NULL,NULL,NULL,NULL,NULL,NULL,NULL,NULL,NULL,NULL,NULL,NULL,NULL,NULL,NULL,NULL,NULL,NULL,NULL,NULL,NULL,NULL,NULL,NULL,NULL,NULL,NULL,NULL,NULL,NULL,NULL,NULL,NULL,NULL,NULL,NULL,1,1.4953,1.6474,1.3454,1.4869,1.2938,1.2598,0.9784,1.1881,1.3174,1.2374,0.9872,1.2949,1.4489,1.3674,1.3172,1.0285,NULL,NULL
1145,Bufo_bufo,0,Halley_J._M._R._S._Oldham_et_al._(1996)._Predicting_the_persistence_of_amphibian_populations_with_the_help_of_a_spatial_model._Journal_of_Applied_Ecology._33:_455-470.*_USGS_P._W._R._C._Managers'_Monitoring_Manual_-_Amphibian_Count_CV_tool_U.S._Department_of_the_Interior.,Amphibia,Anura,Bufonidae,Bufo,bufo,NULL,(Linnaeus_1758),Common_toad,Leicestershire,United_Kingdom,United_Kingdom,Europe,Europe_and_Central_Asia,Central_and_Western_Europe,52.66667,-1,0,Freshwater,NULL,NULL,Palearctic,Temperate_floodplain_rivers_and_wetlands,NULL,NULL,NULL,0,Number_of_individuals,Genral_count,NULL,NULL,NULL,NULL,NULL,NULL,NULL,NULL,NULL,NULL,NULL,NULL,NULL,NULL,NULL,NULL,NULL,NULL,NULL,NULL,NULL,NULL,NULL,NULL,NULL,NULL,NULL,NULL,NULL,NULL,NULL,NULL,7000,1827,1890,3585,3686,3283,1002,NULL,NULL,NULL,NULL,NULL,NULL,NULL,NULL,NULL,NULL,NULL,NULL,NULL,NULL,NULL,NULL,NULL,NULL,NULL,NULL,NULL,NULL,NULL,NULL,NULL,NULL,NULL,NULL,NULL,NULL,NULL,NULL
1146,Bufo_bufo,0,Clemons_J._(1999)._Changes_in_a_Common_toad_population_over_10_years._Froglog_35.,Amphibia,Anura,Bufonidae,Bufo,bufo,NULL,(Linnaeus_1758),Common_toad,Dunchurch_College_Warwickshire,United_Kingdom,United_Kingdom,Europe,Europe_and_Central_Asia,Central_and_Western_Europe,52.33333,-1.28333,1,Freshwater,NULL,NULL,Palearctic,Temperate_floodplain_rivers_and_wetlands,NULL,NULL,NULL,0,Number_of_frogs,Night_surveys_using_torches,NULL,NULL,NULL,NULL,NULL,NULL,NULL,NULL,NULL,NULL,NULL,NULL,NULL,NULL,NULL,NULL,NULL,NULL,NULL,NULL,NULL,NULL,NULL,NULL,NULL,NULL,NULL,NULL,NULL,NULL,NULL,NULL,NULL,NULL,NULL,NULL,NULL,NULL,NULL,NULL,1150,1100,1050,430,550,300,380,190,120,100,NULL,NULL,NULL,NULL,NULL,NULL,NULL,NULL,NULL,NULL,NULL,NULL,NULL,NULL,NULL,NULL,NULL,NULL,NULL,NULL,NULL
1147,Bufo_bufo,0,Schlupp_I._and_R._Podloucky_(1994)._Changes_in_breeding_site_fidelity:_A_combined_study_of_conservation_and_behaviour_in_the_common_toad_Bufo_bufo._Biological_Conservation_69(3):_285-291.*_USGS_P._W._R._C._Managers'_Monitoring_Manual_-_Amphibian_Count_CV_tool_U.S._Department_of_the_Interior.,Amphibia,Anura,Bufonidae,Bufo,bufo,NULL,(Linnaeus_1758),Common_toad,Between_the_villages_Ahlerstedt_and_Harsefeld_Lower_Saxony_Germany,Germany,Germany,Europe,Europe_and_Central_Asia,Central_and_Western_Europe,53.41806,9.46167,1,Freshwater,NULL,NULL,Palearctic,Temperate_floodplain_rivers_and_wetlands,NULL,NULL,NULL,0,Number_of_individuals,Total_count,NULL,NULL,NULL,NULL,NULL,NULL,NULL,NULL,NULL,NULL,NULL,NULL,NULL,NULL,NULL,NULL,NULL,NULL,NULL,NULL,NULL,NULL,NULL,NULL,NULL,NULL,NULL,NULL,NULL,NULL,506,562,NULL,404,690,448,618,471,415,638,694,NULL,NULL,NULL,NULL,NULL,NULL,NULL,NULL,NULL,NULL,NULL,NULL,NULL,NULL,NULL,NULL,NULL,NULL,NULL,NULL,NULL,NULL,NULL,NULL,NULL,NULL,NULL,NULL,NULL,NULL
6180,Bufo_bufo,0,Gittins_S._P._(1983)._Population_dynamics_of_the_Common_toad_(Bufo_bufo)_at_a_lake_in_Mid-Wales._The_Journal_of_Animal_Ecology._52(3):_981-988.*_USGS_P._W._R._C._Managers'_Monitoring_Manual_-_Amphibian_Count_CV_tool_U.S._Department_of_the_Interior.,Amphibia,Anura,Bufonidae,Bufo,bufo,NULL,(Linnaeus_1758),Common_toad,Lake_in_Llandrindod_Wells_Wales,United_Kingdom,United_Kingdom,Europe,Europe_and_Central_Asia,Central_and_Western_Europe,52.23333,-3.38333,1,Freshwater,NULL,NULL,Palearctic,Temperate_coastal_rivers,NULL,NULL,NULL,0,Estimated_number_of_individuals,Capture_mark_recapture,NULL,NULL,NULL,NULL,NULL,NULL,NULL,NULL,NULL,NULL,NULL,NULL,NULL,NULL,NULL,NULL,NULL,NULL,NULL,NULL,NULL,NULL,NULL,NULL,NULL,NULL,NULL,NULL,NULL,8505,8386,8779,NULL,NULL,NULL,NULL,NULL,NULL,NULL,NULL,NULL,NULL,NULL,NULL,NULL,NULL,NULL,NULL,NULL,NULL,NULL,NULL,NULL,NULL,NULL,NULL,NULL,NULL,NULL,NULL,NULL,NULL,NULL,NULL,NULL,NULL,NULL,NULL,NULL,NULL,NULL
6181,Bufo_bufo,0,Reading_C._J._J._Loman_et_al._(1991)._Breeding_Pond_Fidelity_in_the_Common_Toad_Bufo-Bufo._Journal_of_Zoology_225:_201-211.*_USGS_P._W._R._C._Managers'_Monitoring_Manual_-_Amphibian_Count_CV_tool_U.S._Department_of_the_Interior.,Amphibia,Anura,Bufonidae,Bufo,bufo,NULL,(Linnaeus_1758),Common_toad,South_Dorset,United_Kingdom,United_Kingdom,Europe,Europe_and_Central_Asia,Central_and_Western_Europe,50.65,-2.11667,1,Freshwater,NULL,NULL,Palearctic,Temperate_floodplain_rivers_and_wetlands,NULL,NULL,NULL,0,Number_captured,Toe_clip_mark-recapture,NULL,NULL,NULL,NULL,NULL,NULL,NULL,NULL,NULL,NULL,NULL,NULL,NULL,NULL,NULL,NULL,NULL,NULL,NULL,NULL,NULL,NULL,NULL,NULL,NULL,NULL,NULL,NULL,NULL,NULL,NULL,NULL,NULL,NULL,NULL,NULL,NULL,766,1189,890,NULL,NULL,NULL,NULL,NULL,NULL,NULL,NULL,NULL,NULL,NULL,NULL,NULL,NULL,NULL,NULL,NULL,NULL,NULL,NULL,NULL,NULL,NULL,NULL,NULL,NULL,NULL,NULL,NULL,NULL,NULL
6182,Bufo_bufo,0,Reading_C._J._J._Loman_et_al._(1991)._Breeding_Pond_Fidelity_in_the_Common_Toad_Bufo-Bufo._Journal_of_Zoology_225:_201-211.*_USGS_P._W._R._C._Managers'_Monitoring_Manual_-_Amphibian_Count_CV_tool_U.S._Department_of_the_Interior.,Amphibia,Anura,Bufonidae,Bufo,bufo,NULL,(Linnaeus_1758),Common_toad,Pond_1_Lund_Sweden,Sweden,Sweden,Europe,Europe_and_Central_Asia,Central_and_Western_Europe,55.66667,13.5,1,Freshwater,NULL,NULL,Palearctic,Polar_freshwaters,NULL,NULL,NULL,0,Number_captured,Toe_clip_mark-recapture,NULL,NULL,NULL,NULL,NULL,NULL,NULL,NULL,NULL,NULL,NULL,NULL,NULL,NULL,NULL,NULL,NULL,NULL,NULL,NULL,NULL,NULL,NULL,NULL,NULL,NULL,NULL,NULL,NULL,NULL,NULL,NULL,NULL,NULL,NULL,NULL,NULL,316,260,244,NULL,NULL,NULL,NULL,NULL,NULL,NULL,NULL,NULL,NULL,NULL,NULL,NULL,NULL,NULL,NULL,NULL,NULL,NULL,NULL,NULL,NULL,NULL,NULL,NULL,NULL,NULL,NULL,NULL,NULL,NULL
6183,Bufo_bufo,0,Reading_C._J._J._Loman_et_al._(1991)._Breeding_Pond_Fidelity_in_the_Common_Toad_Bufo-Bufo._Journal_of_Zoology_225:_201-211.*_USGS_P._W._R._C._Managers'_Monitoring_Manual_-_Amphibian_Count_CV_tool_U.S._Department_of_the_Interior.,Amphibia,Anura,Bufonidae,Bufo,bufo,NULL,(Linnaeus_1758),Common_toad,Pond_2_Lund_Sweden,Sweden,Sweden,Europe,Europe_and_Central_Asia,Central_and_Western_Europe,55.66667,13.5,1,Freshwater,NULL,NULL,Palearctic,Polar_freshwaters,NULL,NULL,NULL,0,Number_captured,Toe_clip_mark-recapture,NULL,NULL,NULL,NULL,NULL,NULL,NULL,NULL,NULL,NULL,NULL,NULL,NULL,NULL,NULL,NULL,NULL,NULL,NULL,NULL,NULL,NULL,NULL,NULL,NULL,NULL,NULL,NULL,NULL,NULL,NULL,NULL,NULL,NULL,NULL,NULL,NULL,207,191,181,NULL,NULL,NULL,NULL,NULL,NULL,NULL,NULL,NULL,NULL,NULL,NULL,NULL,NULL,NULL,NULL,NULL,NULL,NULL,NULL,NULL,NULL,NULL,NULL,NULL,NULL,NULL,NULL,NULL,NULL,NULL
6184,Bufo_bufo,0,Reading_C._J._J._Loman_et_al._(1991)._Breeding_Pond_Fidelity_in_the_Common_Toad_Bufo-Bufo._Journal_of_Zoology_225:_201-211.*_USGS_P._W._R._C._Managers'_Monitoring_Manual_-_Amphibian_Count_CV_tool_U.S._Department_of_the_Interior.,Amphibia,Anura,Bufonidae,Bufo,bufo,NULL,(Linnaeus_1758),Common_toad,Pond_3_Lund_Sweden,Sweden,Sweden,Europe,Europe_and_Central_Asia,Central_and_Western_Europe,55.66667,13.5,1,Freshwater,NULL,NULL,Palearctic,Polar_freshwaters,NULL,NULL,NULL,0,Number_captured,Toe_clip_mark-recapture,NULL,NULL,NULL,NULL,NULL,NULL,NULL,NULL,NULL,NULL,NULL,NULL,NULL,NULL,NULL,NULL,NULL,NULL,NULL,NULL,NULL,NULL,NULL,NULL,NULL,NULL,NULL,NULL,NULL,NULL,NULL,NULL,NULL,NULL,NULL,NULL,NULL,83,36,10,NULL,NULL,NULL,NULL,NULL,NULL,NULL,NULL,NULL,NULL,NULL,NULL,NULL,NULL,NULL,NULL,NULL,NULL,NULL,NULL,NULL,NULL,NULL,NULL,NULL,NULL,NULL,NULL,NULL,NULL,NULL
9084,Bufo_bufo,0,Cooke_A._S._and_R._S._Oldham_(1995)._Establishment_of_populations_of_the_common_frog_Rana_temporaria_and_common_toad_Bufo_bufo_in_a_newly_created_reserve_following_translocation._Herpetological_Journal_5(1):_173-180.,Amphibia,Anura,Bufonidae,Bufo,bufo,NULL,(Linnaeus_1758),Common_toad,The_Boardwalks_Reserve_north_bank_of_the_River_Nene_near_the_western_edge_of_Peterborough,United_Kingdom,United_Kingdom,Europe,Europe_and_Central_Asia,Central_and_Western_Europe,52.55444,-0.26444,0,Freshwater,NULL,NULL,Palearctic,Temperate_floodplain_rivers_and_wetlands,NULL,NULL,NULL,0,Peak_total_toad_count,Counts_during_breeding_season,NULL,NULL,NULL,NULL,NULL,NULL,NULL,NULL,NULL,NULL,NULL,NULL,NULL,NULL,NULL,NULL,NULL,NULL,NULL,NULL,NULL,NULL,NULL,NULL,NULL,NULL,NULL,NULL,NULL,NULL,NULL,NULL,NULL,NULL,NULL,NULL,0,NULL,127,311,181,328,306,NULL,NULL,NULL,NULL,NULL,NULL,NULL,NULL,NULL,NULL,NULL,NULL,NULL,NULL,NULL,NULL,NULL,NULL,NULL,NULL,NULL,NULL,NULL,NULL,NULL,NULL,NULL,NULL
18832,Bufo_bufo,0,Jedrzejewska_B._et_al._(2002)._Seasonal_dynamics_and_breeding_of_amphibians_in_pristine_forests_(Bialowieza_National_Park_E_Poland)_in_dry_years._Folia_Zoologica_52(1):_77-86.,Amphibia,Anura,Bufonidae,Bufo,bufo,,(Linnaeus_1758),Common_toad,Oak-hornbeam-lime_forests_Bia?Úowie??a_National_Park_East_Poland,Poland,Poland,Europe,Europe_and_Central_Asia,Central_and_Western_Europe,52.75,23.916667,1,Terrestrial,Palearctic,Temperate_broadleaf_and_mixed_forests,NULL,NULL,NULL,NULL,NULL,0,Number_of_individuals*ha,Live_trapping_on_8_30x30m_grids,NULL,NULL,NULL,NULL,NULL,NULL,NULL,NULL,NULL,NULL,NULL,NULL,NULL,NULL,NULL,NULL,NULL,NULL,NULL,NULL,NULL,NULL,NULL,NULL,NULL,NULL,NULL,NULL,NULL,NULL,NULL,NULL,NULL,NULL,NULL,NULL,NULL,NULL,NULL,NULL,NULL,NULL,71.5953,45.1319,NULL,NULL,NULL,NULL,NULL,NULL,NULL,NULL,NULL,NULL,NULL,NULL,NULL,NULL,NULL,NULL,NULL,NULL,NULL,NULL,NULL,NULL,NULL,NULL,NULL,NULL,NULL
22983,Bufo_bufo,0,Cruz_M._J._P._Segurado_M._Sousa_and_R._Rebelo._2008._Collapse_of_the_amphibian_community_of_the_Paul_do_Boquilobo_Natural_Reserve_(central_Portugal)_after_the_arrival_of_the_exotic_American_crayfish_Procambarus_clarkii._Herpetological_Journal_18:197-204.,Amphibia,Anura,Bufonidae,Bufo,bufo,,(Linnaeus_1758),Common_toad,Paul_do_Boquilobo_Nature_Reserve,Portugal,Portugal,Europe,Europe_and_Central_Asia,Central_and_Western_Europe,39.395735,-8.533862,1,Freshwater,NULL,NULL,Palearctic,Temperate_coastal_rivers,NULL,NULL,NULL,0,Captures_per_drift-fence_per_day,Drift-fences_with_pitfall_traps,NULL,NULL,NULL,NULL,NULL,NULL,NULL,NULL,NULL,NULL,NULL,NULL,NULL,NULL,NULL,NULL,NULL,NULL,NULL,NULL,NULL,NULL,NULL,NULL,NULL,NULL,NULL,NULL,NULL,NULL,NULL,NULL,NULL,NULL,NULL,NULL,NULL,NULL,NULL,NULL,NULL,NULL,NULL,0.013,NULL,NULL,NULL,NULL,NULL,NULL,NULL,0,NULL,NULL,NULL,NULL,NULL,NULL,NULL,NULL,NULL,NULL,NULL,NULL,NULL,NULL,NULL,NULL,NULL,NULL,NULL
23066,Bufo_bufo,0,Ferri_V._2002._Monitoraggio_delle_popolazioni_lombarde_di_rospo_commune_(Bufo_bufo).in_V._Ferri_editor._Attidel_Terzo_Convegno_Salvaguardia_Anfibi._Progetto_ROSPI_&_Museo_cantonale_di_Storia_Naturale_di_Lugano_Cogecstre_Ediz._Penne.,Amphibia,Anura,Bufonidae,Bufo,bufo,,(Linnaeus_1758),Common_toad,Lago_dÈÃÍEndine_eastern_shore_Bergamo_province_Lombardy,Italy,Italy,Europe,Europe_and_Central_Asia,Central_and_Western_Europe,45.778198,9.943146,1,Freshwater,NULL,NULL,Palearctic,Temperate_coastal_rivers,NULL,NULL,NULL,0,Number_of_individuals,Counts_of_migrating_individuals_rescued_along_roads,NULL,NULL,NULL,NULL,NULL,NULL,NULL,NULL,NULL,NULL,NULL,NULL,NULL,NULL,NULL,NULL,NULL,NULL,NULL,NULL,NULL,NULL,NULL,NULL,NULL,NULL,NULL,NULL,NULL,NULL,NULL,NULL,NULL,NULL,NULL,NULL,NULL,NULL,NULL,NULL,NULL,NULL,3309,5394,10504,12942,18251,16245,16500,14687,21301,NULL,NULL,NULL,NULL,NULL,NULL,NULL,NULL,NULL,NULL,NULL,NULL,NULL,NULL,NULL,NULL,NULL,NULL,NULL,NULL
23067,Bufo_bufo,0,Ferri_V._2002._Monitoraggio_delle_popolazioni_lombarde_di_rospo_commune_(Bufo_bufo).in_V._Ferri_editor._Attidel_Terzo_Convegno_Salvaguardia_Anfibi._Progetto_ROSPI_&_Museo_cantonale_di_Storia_Naturale_di_Lugano_Cogecstre_Ediz._Penne.,Amphibia,Anura,Bufonidae,Bufo,bufo,,(Linnaeus_1758),Common_toad,Lago_di_Gaiano_road_between_Solto_Collina_and_Endine_Bergamo_province_Lombardy,Italy,Italy,Europe,Europe_and_Central_Asia,Central_and_Western_Europe,45.79247,10.008901,1,Freshwater,NULL,NULL,Palearctic,Temperate_coastal_rivers,NULL,NULL,NULL,0,Estimated_number_of_individuals,Counts_of_migrating_individuals_rescued_along_roads,NULL,NULL,NULL,NULL,NULL,NULL,NULL,NULL,NULL,NULL,NULL,NULL,NULL,NULL,NULL,NULL,NULL,NULL,NULL,NULL,NULL,NULL,NULL,NULL,NULL,NULL,NULL,NULL,NULL,NULL,NULL,NULL,NULL,NULL,NULL,NULL,NULL,NULL,NULL,NULL,NULL,NULL,NULL,NULL,NULL,NULL,573.97,651.07,439.78,534.48,625.88,NULL,NULL,NULL,NULL,NULL,NULL,NULL,NULL,NULL,NULL,NULL,NULL,NULL,NULL,NULL,NULL,NULL,NULL,NULL,NULL
23068,Bufo_bufo,0,Ferri_V._2002._Monitoraggio_delle_popolazioni_lombarde_di_rospo_commune_(Bufo_bufo).in_V._Ferri_editor._Attidel_Terzo_Convegno_Salvaguardia_Anfibi._Progetto_ROSPI_&_Museo_cantonale_di_Storia_Naturale_di_Lugano_Cogecstre_Ediz._Penne.,Amphibia,Anura,Bufonidae,Bufo,bufo,,(Linnaeus_1758),Common_toad,Lago_dÈÃÍIseo_road_between_Riva_di_Solto_and_Z??_Bergamo_province_Lombardy,Italy,Italy,Europe,Europe_and_Central_Asia,Central_and_Western_Europe,45.766386,10.035814,1,Freshwater,NULL,NULL,Palearctic,Temperate_coastal_rivers,NULL,NULL,NULL,0,Estimated_number_of_individuals,Counts_of_migrating_individuals_rescued_along_roads,NULL,NULL,NULL,NULL,NULL,NULL,NULL,NULL,NULL,NULL,NULL,NULL,NULL,NULL,NULL,NULL,NULL,NULL,NULL,NULL,NULL,NULL,NULL,NULL,NULL,NULL,NULL,NULL,NULL,NULL,NULL,NULL,NULL,NULL,NULL,NULL,NULL,NULL,NULL,NULL,NULL,NULL,1169.44,1683.93,1654.47,2030.06,1462.44,910.17,1021.81,1961.88,3617.7,NULL,NULL,NULL,NULL,NULL,NULL,NULL,NULL,NULL,NULL,NULL,NULL,NULL,NULL,NULL,NULL,NULL,NULL,NULL,NULL
23069,Bufo_bufo,0,Ferri_V._2002._Monitoraggio_delle_popolazioni_lombarde_di_rospo_commune_(Bufo_bufo).in_V._Ferri_editor._Attidel_Terzo_Convegno_Salvaguardia_Anfibi._Progetto_ROSPI_&_Museo_cantonale_di_Storia_Naturale_di_Lugano_Cogecstre_Ediz._Penne.,Amphibia,Anura,Bufonidae,Bufo,bufo,,(Linnaeus_1758),Common_toad,Lago_di_Sartirana_Lecco_province_Lombardy,Italy,Italy,Europe,Europe_and_Central_Asia,Central_and_Western_Europe,45.716175,9.424936,1,Freshwater,NULL,NULL,Palearctic,Temperate_coastal_rivers,NULL,NULL,NULL,0,Estimated_number_of_individuals,Counts_of_migrating_individuals_rescued_along_roads,NULL,NULL,NULL,NULL,NULL,NULL,NULL,NULL,NULL,NULL,NULL,NULL,NULL,NULL,NULL,NULL,NULL,NULL,NULL,NULL,NULL,NULL,NULL,NULL,NULL,NULL,NULL,NULL,NULL,NULL,NULL,NULL,NULL,NULL,NULL,NULL,NULL,NULL,NULL,NULL,NULL,NULL,NULL,NULL,NULL,NULL,NULL,NULL,NULL,280.98,213.04,NULL,NULL,NULL,NULL,NULL,NULL,NULL,NULL,NULL,NULL,NULL,NULL,NULL,NULL,NULL,NULL,NULL,NULL,NULL,NULL
23070,Bufo_bufo,0,Ferri_V._2002._Monitoraggio_delle_popolazioni_lombarde_di_rospo_commune_(Bufo_bufo).in_V._Ferri_editor._Attidel_Terzo_Convegno_Salvaguardia_Anfibi._Progetto_ROSPI_&_Museo_cantonale_di_Storia_Naturale_di_Lugano_Cogecstre_Ediz._Penne.,Amphibia,Anura,Bufonidae,Bufo,bufo,,(Linnaeus_1758),Common_toad,Lago_di_Como_at_Onno_Marina_Lecco_province_Lombardy,Italy,Italy,Europe,Europe_and_Central_Asia,Central_and_Western_Europe,45.902766,9.301388,1,Freshwater,NULL,NULL,Palearctic,Temperate_coastal_rivers,NULL,NULL,NULL,0,Estimated_number_of_individuals,Counts_of_migrating_individuals_rescued_along_roads,NULL,NULL,NULL,NULL,NULL,NULL,NULL,NULL,NULL,NULL,NULL,NULL,NULL,NULL,NULL,NULL,NULL,NULL,NULL,NULL,NULL,NULL,NULL,NULL,NULL,NULL,NULL,NULL,NULL,NULL,NULL,NULL,NULL,NULL,NULL,NULL,NULL,NULL,NULL,NULL,NULL,NULL,NULL,NULL,NULL,NULL,NULL,1512.8,1378.83,1783.27,1551.12,NULL,NULL,NULL,NULL,NULL,NULL,NULL,NULL,NULL,NULL,NULL,NULL,NULL,NULL,NULL,NULL,NULL,NULL,NULL,NULL
23071,Bufo_bufo,0,Ferri_V._2002._Monitoraggio_delle_popolazioni_lombarde_di_rospo_commune_(Bufo_bufo).in_V._Ferri_editor._Attidel_Terzo_Convegno_Salvaguardia_Anfibi._Progetto_ROSPI_&_Museo_cantonale_di_Storia_Naturale_di_Lugano_Cogecstre_Ediz._Penne.,Amphibia,Anura,Bufonidae,Bufo,bufo,,(Linnaeus_1758),Common_toad,Lago_di_Como_at_Melgone_locality_Lecco_province_Lombardy,Italy,Italy,Europe,Europe_and_Central_Asia,Central_and_Western_Europe,45.883981,9.331551,1,Freshwater,NULL,NULL,Palearctic,Temperate_coastal_rivers,NULL,NULL,NULL,0,Estimated_number_of_individuals,Counts_of_migrating_individuals_rescued_along_roads,NULL,NULL,NULL,NULL,NULL,NULL,NULL,NULL,NULL,NULL,NULL,NULL,NULL,NULL,NULL,NULL,NULL,NULL,NULL,NULL,NULL,NULL,NULL,NULL,NULL,NULL,NULL,NULL,NULL,NULL,NULL,NULL,NULL,NULL,NULL,NULL,NULL,NULL,NULL,NULL,NULL,NULL,NULL,NULL,NULL,NULL,NULL,2963.41,3373.74,4308.47,4917.6,NULL,NULL,NULL,NULL,NULL,NULL,NULL,NULL,NULL,NULL,NULL,NULL,NULL,NULL,NULL,NULL,NULL,NULL,NULL,NULL
23072,Bufo_bufo,0,Ferri_V._2002._Monitoraggio_delle_popolazioni_lombarde_di_rospo_commune_(Bufo_bufo).in_V._Ferri_editor._Attidel_Terzo_Convegno_Salvaguardia_Anfibi._Progetto_ROSPI_&_Museo_cantonale_di_Storia_Naturale_di_Lugano_Cogecstre_Ediz._Penne.,Amphibia,Anura,Bufonidae,Bufo,bufo,,(Linnaeus_1758),Common_toad,Strada_Valcuvia_Le_Lische_locality_Mesenzana_Varese_province_Lombardy,Italy,Italy,Europe,Europe_and_Central_Asia,Central_and_Western_Europe,45.941751,8.770031,1,Freshwater,NULL,NULL,Palearctic,Temperate_coastal_rivers,NULL,NULL,NULL,0,Estimated_number_of_individuals,Counts_of_migrating_individuals_rescued_along_roads,NULL,NULL,NULL,NULL,NULL,NULL,NULL,NULL,NULL,NULL,NULL,NULL,NULL,NULL,NULL,NULL,NULL,NULL,NULL,NULL,NULL,NULL,NULL,NULL,NULL,NULL,NULL,NULL,NULL,NULL,NULL,NULL,NULL,NULL,NULL,NULL,NULL,NULL,NULL,NULL,NULL,NULL,NULL,NULL,NULL,565.4,723.59,619.49,1114.49,2205.13,3717.88,NULL,NULL,NULL,NULL,NULL,NULL,NULL,NULL,NULL,NULL,NULL,NULL,NULL,NULL,NULL,NULL,NULL,NULL,NULL,NULL
23073,Bufo_bufo,0,Ferri_V._2002._Monitoraggio_delle_popolazioni_lombarde_di_rospo_commune_(Bufo_bufo).in_V._Ferri_editor._Attidel_Terzo_Convegno_Salvaguardia_Anfibi._Progetto_ROSPI_&_Museo_cantonale_di_Storia_Naturale_di_Lugano_Cogecstre_Ediz._Penne.,Amphibia,Anura,Bufonidae,Bufo,bufo,,(Linnaeus_1758),Common_toad,Torbiera_di_Cavagnano_Cuasso_al_Monte_Varese_province_Lombardy,Italy,Italy,Europe,Europe_and_Central_Asia,Central_and_Western_Europe,45.908294,8.876835,1,Freshwater,NULL,NULL,Palearctic,Temperate_coastal_rivers,NULL,NULL,NULL,0,Estimated_number_of_individuals,Counts_of_migrating_individuals_rescued_along_roads,NULL,NULL,NULL,NULL,NULL,NULL,NULL,NULL,NULL,NULL,NULL,NULL,NULL,NULL,NULL,NULL,NULL,NULL,NULL,NULL,NULL,NULL,NULL,NULL,NULL,NULL,NULL,NULL,NULL,NULL,NULL,NULL,NULL,NULL,NULL,NULL,NULL,NULL,NULL,NULL,NULL,NULL,NULL,910.99,2099.72,2020.33,1985.11,1113.54,521.52,512.17,614.17,NULL,NULL,NULL,NULL,NULL,NULL,NULL,NULL,NULL,NULL,NULL,NULL,NULL,NULL,NULL,NULL,NULL,NULL,NULL,NULL
23074,Bufo_bufo,0,Ferri_V._2002._Monitoraggio_delle_popolazioni_lombarde_di_rospo_commune_(Bufo_bufo).in_V._Ferri_editor._Attidel_Terzo_Convegno_Salvaguardia_Anfibi._Progetto_ROSPI_&_Museo_cantonale_di_Storia_Naturale_di_Lugano_Cogecstre_Ediz._Penne.,Amphibia,Anura,Bufonidae,Bufo,bufo,,(Linnaeus_1758),Common_toad,Lago_d'Idro_Brescia_province_Lombardy,Italy,Italy,Europe,Europe_and_Central_Asia,Central_and_Western_Europe,45.765219,10.504405,1,Freshwater,NULL,NULL,Palearctic,Temperate_coastal_rivers,NULL,NULL,NULL,0,Estimated_number_of_individuals,Counts_of_migrating_individuals_rescued_along_roads,NULL,NULL,NULL,NULL,NULL,NULL,NULL,NULL,NULL,NULL,NULL,NULL,NULL,NULL,NULL,NULL,NULL,NULL,NULL,NULL,NULL,NULL,NULL,NULL,NULL,NULL,NULL,NULL,NULL,NULL,NULL,NULL,NULL,NULL,NULL,NULL,NULL,NULL,NULL,NULL,NULL,NULL,NULL,NULL,NULL,NULL,NULL,NULL,2819.37,4050.58,4822.67,NULL,NULL,NULL,NULL,NULL,NULL,NULL,NULL,NULL,NULL,NULL,NULL,NULL,NULL,NULL,NULL,NULL,NULL,NULL,NULL
7498,Ailuroedus_melanotis,0,Freeman_A._N._D._K._Pias_et_al._(2008)._The_impact_of_Tropical_Cyclone_Larry_on_bird_communities_in_fragments_of_the_endangered_rainforest_Type_5b._Austral_Ecology_33:_532-540.,Aves,Passeriformes,Ptilonorhynchidae,Ailuroedus,melanotis,,(Gray_1858),Black-eared_catbird,Picnic_Crossing_nr_Yungaburra_Atherton_Tablelands_N._Queensland_Australia,Australia,Australia,Oceania,Asia_and_the_Pacific,Oceania,-17.25917,145.54722,0,Terrestrial,Australasia,Tropical_and_subtropical_moist_broadleaf_forests,NULL,NULL,NULL,NULL,NULL,0,Averge_number_of_individuals,Survey,NULL,NULL,NULL,NULL,NULL,NULL,NULL,NULL,NULL,NULL,NULL,NULL,NULL,NULL,NULL,NULL,NULL,NULL,NULL,NULL,NULL,NULL,NULL,NULL,NULL,NULL,NULL,NULL,NULL,NULL,NULL,NULL,NULL,NULL,NULL,NULL,NULL,NULL,NULL,NULL,NULL,NULL,NULL,NULL,NULL,NULL,NULL,NULL,NULL,NULL,NULL,NULL,NULL,NULL,NULL,66.7,55.6,NULL,NULL,NULL,NULL,NULL,NULL,NULL,NULL,NULL,NULL,NULL,NULL,NULL,NULL
7499,Ailuroedus_melanotis,0,Freeman_A._N._D._K._Pias_et_al._(2008)._The_impact_of_Tropical_Cyclone_Larry_on_bird_communities_in_fragments_of_the_endangered_rainforest_Type_5b._Austral_Ecology_33:_532-540.,Aves,Passeriformes,Ptilonorhynchidae,Ailuroedus,melanotis,,(Gray_1858),Black-eared_catbird,Thomas_Road_nr_Yungaburra_Atherton_Tablelands_N._Queensland_Australia,Australia,Australia,Oceania,Asia_and_the_Pacific,Oceania,-17.25917,145.54722,0,Terrestrial,Australasia,Tropical_and_subtropical_moist_broadleaf_forests,NULL,NULL,NULL,NULL,NULL,0,Averge_number_of_individuals,Survey,NULL,NULL,NULL,NULL,NULL,NULL,NULL,NULL,NULL,NULL,NULL,NULL,NULL,NULL,NULL,NULL,NULL,NULL,NULL,NULL,NULL,NULL,NULL,NULL,NULL,NULL,NULL,NULL,NULL,NULL,NULL,NULL,NULL,NULL,NULL,NULL,NULL,NULL,NULL,NULL,NULL,NULL,NULL,NULL,NULL,NULL,NULL,NULL,NULL,NULL,NULL,NULL,NULL,NULL,NULL,0,22.2,NULL,NULL,NULL,NULL,NULL,NULL,NULL,NULL,NULL,NULL,NULL,NULL,NULL,NULL
7500,Ailuroedus_melanotis,0,Freeman_A._N._D._K._Pias_et_al._(2008)._The_impact_of_Tropical_Cyclone_Larry_on_bird_communities_in_fragments_of_the_endangered_rainforest_Type_5b._Austral_Ecology_33:_532-540.,Aves,Passeriformes,Ptilonorhynchidae,Ailuroedus,melanotis,,(Gray_1858),Black-eared_catbird,Curtain_Fig_nr_Yungaburra_Atherton_Tablelands_N._Queensland_Australia,Australia,Australia,Oceania,Asia_and_the_Pacific,Oceania,-17.25917,145.54722,0,Terrestrial,Australasia,Tropical_and_subtropical_moist_broadleaf_forests,NULL,NULL,NULL,NULL,NULL,0,Average_number_of_individuals,Survey,NULL,NULL,NULL,NULL,NULL,NULL,NULL,NULL,NULL,NULL,NULL,NULL,NULL,NULL,NULL,NULL,NULL,NULL,NULL,NULL,NULL,NULL,NULL,NULL,NULL,NULL,NULL,NULL,NULL,NULL,NULL,NULL,NULL,NULL,NULL,NULL,NULL,NULL,NULL,NULL,NULL,NULL,NULL,NULL,NULL,NULL,NULL,NULL,NULL,NULL,NULL,NULL,NULL,NULL,NULL,77.8,37,NULL,NULL,NULL,NULL,NULL,NULL,NULL,NULL,NULL,NULL,NULL,NULL,NULL,NULL
7700,Carcharodon_carcharias,1,Baum_J._K._R._A._Myers_et_al._(2003)._Collapse_and_conservation_of_shark_populations_in_the_northwest_Atlantic._Science_299(5605):_389_-_392.,Elasmobranchii,Lamniformes,Lamnidae,Carcharodon,carcharias,,(Linnaeus_1758),Great_white_shark,Northwest_Atlantic_-_eastern_coast_of_Canada_and_USA_some_Central_America,United_States,United_States_Mexico_International_Waters,North_America,NULL,NULL,37.14722,-68.41917,0,Marine,NULL,NULL,NULL,NULL,Atlantic_tropical_and_subtropical,North_Atlantic_Ocean,Unknown,0,Index_of_Abundance,CPUE_and_GLM,NULL,NULL,NULL,NULL,NULL,NULL,NULL,NULL,NULL,NULL,NULL,NULL,NULL,NULL,NULL,NULL,NULL,NULL,NULL,NULL,NULL,NULL,NULL,NULL,NULL,NULL,NULL,NULL,NULL,NULL,NULL,NULL,NULL,NULL,NULL,NULL,NULL,0.75,0.9,0.75,1.2,1.3,0.7,2,0.5,0.2,0.1,0.2,0.05,0.1,0.2,NULL,NULL,NULL,NULL,NULL,NULL,NULL,NULL,NULL,NULL,NULL,NULL,NULL,NULL,NULL,NULL,NULL,NULL,NULL,NULL
7701,Carcharodon_carcharias,0,Dudley_S._F._J._(2002)._Shark_Catch_Trends_and_Effort_Reduction_in_the_Beach_Protection_Program_KwaZulu-Natal_South_Africa._SCIENTIFIC_COUNCIL_MEETING_-_SEPTEMBER_2002_NAFO._*_Dudley_S._F._J._and_C._A._Simpfendorfer_(2006)._Population_status_of_14_shark_species_caught_in_the_protective_gillnets_off_KwaZulu-Natal_beaches_South_Africa_1978-2003._Marine_and_Freshwater_Research_57:_225-240.,Elasmobranchii,Lamniformes,Lamnidae,Carcharodon,carcharias,,(Linnaeus_1758),Great_white_shark,Beaches_of_KwaZulu-Natal_province_South_Africa,South_Africa,South_Africa,Africa,NULL,NULL,-29.25,33.08333,0,Marine,NULL,NULL,NULL,NULL,Tropical_and_subtropical_Indo-Pacific,Indian_Ocean,Unknown,0,number*km-net_year,shark_net_catch_rates,NULL,NULL,NULL,NULL,NULL,NULL,NULL,NULL,NULL,NULL,NULL,NULL,NULL,NULL,NULL,NULL,NULL,NULL,NULL,NULL,NULL,NULL,NULL,NULL,NULL,NULL,NULL,NULL,1.8,1.6,1.4,0.9,0.6,0.6,1.4,1.1,0.75,0.7,0.9,1.4,0.9,0.5,0.7,0.9,1.12,1.19,0.99,0.65,0.25,1.1,0.55,0.65,0.87,1.37,NULL,NULL,NULL,NULL,NULL,NULL,NULL,NULL,NULL,NULL,NULL,NULL,NULL,NULL,NULL,NULL,NULL
9057,Carcharodon_carcharias,1,Cliff_G._S._F._J._Dudley_et_al._(1996)._Catches_of_white_sharks_in_KwaZulu-Natal_South_Africa_and_environmental_influences._Great_white_sharks:_the_biology_of_Carcharodon_carcharias._A._P._Klimley_and_D._G._Ainley:_351-362.,Elasmobranchii,Lamniformes,Lamnidae,Carcharodon,carcharias,NULL,(Linnaeus_1758),Great_white_shark,Natal_Coast_South_Africa,South_Africa,South_Africa,Africa,NULL,NULL,-31.71667,30.38333,0,Marine,NULL,NULL,NULL,NULL,Tropical_and_subtropical_Indo-Pacific,Indian_Ocean,Unknown,0,CPUE_(no.*km-net*yr),Shark_nets,NULL,NULL,NULL,NULL,NULL,NULL,NULL,NULL,NULL,NULL,NULL,NULL,NULL,NULL,NULL,NULL,3.9,1.9,3.5,1.3,0.9,0.6,0.3,1.8,1.1,1.5,1.7,0.9,2.2,1.8,1.3,0.7,0.6,0.4,1.5,1.2,0.7,0.8,1,1.5,1,0.8,1.6,1.8,NULL,NULL,NULL,NULL,NULL,NULL,NULL,NULL,NULL,NULL,NULL,NULL,NULL,NULL,NULL,NULL,NULL,NULL,NULL,NULL,NULL,NULL,NULL,NULL,NULL,NULL,NULL
9058,Carcharodon_carcharias,0,Cliff_G._S._F._J._Dudley_et_al._(1996)._Catches_of_white_sharks_in_KwaZulu-Natal_South_Africa_and_environmental_influences._Great_white_sharks:_the_biology_of_Carcharodon_carcharias._A._P._Klimley_and_D._G._Ainley:_351-362.,Elasmobranchii,Lamniformes,Lamnidae,Carcharodon,carcharias,NULL,(Linnaeus_1758),Great_white_shark,Richards_Bay_South_Africa,South_Africa,South_Africa,Africa,NULL,NULL,-28.85,32.23333,0,Marine,NULL,NULL,NULL,NULL,Tropical_and_subtropical_Indo-Pacific,Indian_Ocean,Unknown,0,CPUE_(no.*km-net*yr),Shark_nets,NULL,NULL,NULL,NULL,NULL,NULL,NULL,NULL,NULL,NULL,NULL,NULL,NULL,NULL,NULL,NULL,NULL,NULL,NULL,NULL,NULL,NULL,NULL,NULL,NULL,NULL,NULL,NULL,NULL,NULL,5.2,3.5,1.5,2,2,2,1.1,0,1.8,3.2,1.4,0.5,1.1,2.9,NULL,NULL,NULL,NULL,NULL,NULL,NULL,NULL,NULL,NULL,NULL,NULL,NULL,NULL,NULL,NULL,NULL,NULL,NULL,NULL,NULL,NULL,NULL,NULL,NULL,NULL,NULL
10877,Carcharodon_carcharias,0,Ferretti_F._B._Worm_et_al._(2010)._Patterns_and_ecosystem_consequences_of_shark_declines_in_the_ocean._Ecology_Letters_13(8):_1055-1071.,Elasmobranchii,Lamniformes,Lamnidae,Carcharodon,carcharias,NULL,(Linnaeus_1758),Great_white_shark,Brighton_Beach_South_Africa,South_Africa,South_Africa,Africa,NULL,NULL,-29.46667,31,1,Marine,NULL,NULL,NULL,NULL,Tropical_and_subtropical_Indo-Pacific,Indian_Ocean,Unknown,0,CPUE_(sharks_per_km_of_net),Shark_netting,NULL,NULL,NULL,NULL,NULL,NULL,NULL,NULL,NULL,NULL,NULL,1.74,1.01,1.26,0,1.77,1.26,0.76,1.64,0.51,0.88,0.63,1.14,NULL,NULL,NULL,NULL,NULL,NULL,NULL,NULL,NULL,NULL,NULL,NULL,NULL,NULL,NULL,NULL,NULL,NULL,NULL,NULL,NULL,NULL,NULL,NULL,NULL,NULL,NULL,NULL,NULL,NULL,NULL,NULL,NULL,NULL,NULL,NULL,NULL,NULL,NULL,NULL,NULL,NULL,NULL,NULL,NULL,NULL,NULL,NULL
10881,Carcharodon_carcharias,0,Ferretti_F._B._Worm_et_al._(2010)._Patterns_and_ecosystem_consequences_of_shark_declines_in_the_ocean._Ecology_Letters_13(8):_1055-1071.,Elasmobranchii,Lamniformes,Lamnidae,Carcharodon,carcharias,NULL,(Linnaeus_1758),Great_white_shark,Main_Beach_Durban_South_Africa,South_Africa,South_Africa,Africa,NULL,NULL,-29.85,31,0,Marine,NULL,NULL,NULL,NULL,Tropical_and_subtropical_Indo-Pacific,Indian_Ocean,Unknown,0,CPUE_(sharks_per_km_of_net),Shark_netting,NULL,NULL,0.83,0.7,0.37,0.47,0.23,0.23,0.82,0.33,0.23,0.33,0.2,0.24,0.1,0.05,0.12,0.02,0.07,0.03,0.04,0.08,0.08,NULL,NULL,NULL,NULL,NULL,NULL,NULL,NULL,NULL,NULL,NULL,NULL,NULL,NULL,NULL,NULL,NULL,NULL,NULL,NULL,NULL,NULL,NULL,NULL,NULL,NULL,NULL,NULL,NULL,NULL,NULL,NULL,NULL,NULL,NULL,NULL,NULL,NULL,NULL,NULL,NULL,NULL,NULL,NULL,NULL,NULL,NULL,NULL
18497,Carcharodon_carcharias,0,Sosa-Nishizaki_O._et_al._(2012)._Problems_with_photo_identification_as_a_method_of_estimating_abundance_of_white_sharks_Carcharodon_carcharias._Perspectives_on_the_Biology_and_Life_History_of_the_White_Shark_CRC_Press:_393-404.,Elasmobranchii,Lamniformes,Lamnidae,Carcharodon,carcharias,,(Linnaeus_1758),Great_white_shark,Guadalupe_Island_Pacific_Ocean,Mexico,Mexico,Latin_America_and_Caribbean,NULL,NULL,29.046111,-118.282778,0,Marine,NULL,NULL,NULL,NULL,Tropical_and_subtropical_Indo-Pacific,North_Pacific_Ocean,Unknown,0,Number_of_individuals,Mark-recapture,NULL,NULL,NULL,NULL,NULL,NULL,NULL,NULL,NULL,NULL,NULL,NULL,NULL,NULL,NULL,NULL,NULL,NULL,NULL,NULL,NULL,NULL,NULL,NULL,NULL,NULL,NULL,NULL,NULL,NULL,NULL,NULL,NULL,NULL,NULL,NULL,NULL,NULL,NULL,NULL,NULL,NULL,NULL,NULL,NULL,NULL,NULL,NULL,NULL,NULL,NULL,NULL,NULL,64,77,84,68,85,78,85,NULL,NULL,NULL,NULL,NULL,NULL,NULL,NULL,NULL,NULL,NULL
19498,Carcharodon_carcharias,0,Curtis_T._H._C._T._McCandless_et_al._(2014)._Seasonal_Distribution_and_Historic_Trends_in_Abundance_of_White_Sharks_Carcharodon_carcharias_in_the_Western_North_Atlantic_Ocean._PLoS_ONE_9(6):_e99240,Elasmobranchii,Lamniformes,Lamnidae,Carcharodon,carcharias,,(Linnaeus_1758),Great_white_shark,Northwest_Atlantic_Ocean,United_States,United_States_Canada,North_America,NULL,NULL,34.083333,-57.083333,0,Marine,NULL,NULL,NULL,NULL,Atlantic_north_temperate,North_Atlantic_Ocean,Unknown,0,Relative_abundance_index,NEFSC_fishery_independent_longline_surveys_observer_programs_tournament_data,NULL,NULL,NULL,NULL,NULL,NULL,NULL,NULL,NULL,0.897,0.887,0.868,0.897,0.906,0.878,0.812,0.821,0.765,0.793,0.784,0.802,0.793,0.727,0.793,0.784,0.746,0.699,0.605,0.605,0.596,0.567,0.473,0.436,0.379,0.229,0.219,0.229,0.173,0.219,0.229,0.266,0.304,0.379,0.36,0.389,0.295,0.276,0.272,0.351,0.332,0.285,0.304,0.436,0.568,0.718,0.784,0.821,0.878,0.972,NULL,NULL,NULL,NULL,NULL,NULL,NULL,NULL,NULL,NULL,NULL,NULL
19586,Carcharodon_carcharias,0,Dicken_M._L._M._J._Smale_et_al._(2013)._White_sharks_Carcharodon_carcharias_at_Bird_Island_Algoa_Bay_South_Africa._African_Journal_of_Marine_Science_35(2):_175-182,Elasmobranchii,Lamniformes,Lamnidae,Carcharodon,carcharias,,(Linnaeus_1758),Great_white_shark,Bird_Island_Algoa_Bay_Eastern_Cape,South_Africa,South_Africa,Africa,NULL,NULL,-33.5,25.775554,1,Marine,NULL,NULL,NULL,NULL,Tropical_and_subtropical_Indo-Pacific,Indian_Ocean,Unknown,0,Sightings_per_unit_effort_SPUE_(**hr),Visual_census,NULL,NULL,NULL,NULL,NULL,NULL,NULL,NULL,NULL,NULL,NULL,NULL,NULL,NULL,NULL,NULL,NULL,NULL,NULL,NULL,NULL,NULL,NULL,NULL,NULL,NULL,NULL,NULL,NULL,NULL,NULL,NULL,NULL,NULL,NULL,NULL,NULL,NULL,NULL,NULL,NULL,NULL,NULL,NULL,NULL,NULL,NULL,NULL,NULL,NULL,NULL,NULL,NULL,NULL,NULL,NULL,NULL,NULL,NULL,0.225,0.487,0,NULL,NULL,NULL,NULL,NULL,NULL,NULL,NULL,NULL
19587,Carcharodon_carcharias,0,Ryklief_R._P._A._Pistorius_et_al._(2014)._Spatial_and_seasonal_patterns_in_sighting_rate_and_life-history_composition_of_the_white_shark_Carcharodon_carcharias_at_Mossel_Bay_South_Africa._African_Journal_of_Marine_Science_36(4):_449-453,Elasmobranchii,Lamniformes,Lamnidae,Carcharodon,carcharias,,(Linnaeus_1758),Great_white_shark,Seal_Island_Mossel_Bay_Western_Cape,South_Africa,South_Africa,Africa,NULL,NULL,-34.151089,22.119689,1,Marine,NULL,NULL,NULL,NULL,Tropical_and_subtropical_Indo-Pacific,Indian_Ocean,Unknown,0,Sightings_per_unit_effort_SPUE_(**hr),Visual_census_Feb-Dec,NULL,NULL,NULL,NULL,NULL,NULL,NULL,NULL,NULL,NULL,NULL,NULL,NULL,NULL,NULL,NULL,NULL,NULL,NULL,NULL,NULL,NULL,NULL,NULL,NULL,NULL,NULL,NULL,NULL,NULL,NULL,NULL,NULL,NULL,NULL,NULL,NULL,NULL,NULL,NULL,NULL,NULL,NULL,NULL,NULL,NULL,NULL,NULL,NULL,NULL,NULL,NULL,NULL,NULL,NULL,NULL,NULL,NULL,1.6809,1.0745,2.1702,NULL,NULL,NULL,NULL,NULL,NULL,NULL,NULL,NULL,NULL
19641,Carcharodon_carcharias,0,Bruce_B._and_R._Bradford_(2015)._Segregation_or_aggregation?_Sex-specific_patterns_in_the_seasonal_occurrence_of_white_sharks_Carcharodon_carcharias_at_the_Neptune_Islands_South_Australia._Journal_of_Fish_Biology_87(6):_1355-1370,Elasmobranchii,Lamniformes,Lamnidae,Carcharodon,carcharias,,(Linnaeus_1758),Great_white_shark,Neptune_Island_South_Australia,Australia,Australia,Oceania,NULL,NULL,-35.268611,136.084722,1,Marine,NULL,NULL,NULL,NULL,South_temperate_and_Antarctic,Indian_Ocean,Unknown,0,Sightings_per_unit_effort_(mean_males_per_day),Logbook_from_2_operators,NULL,NULL,NULL,NULL,NULL,NULL,NULL,NULL,NULL,NULL,NULL,NULL,NULL,NULL,NULL,NULL,NULL,NULL,NULL,NULL,NULL,NULL,NULL,NULL,NULL,NULL,NULL,NULL,NULL,NULL,NULL,NULL,NULL,NULL,NULL,NULL,NULL,NULL,NULL,NULL,NULL,NULL,NULL,NULL,NULL,NULL,NULL,NULL,NULL,NULL,1.18,1.87,1.37,0.345,5.96,4.14,2.56,0.89,2.76,3.15,1.48,9.11,11.13,3.4,NULL,NULL,NULL,NULL,NULL,NULL,NULL
19642,Carcharodon_carcharias,0,Reid_D._D._W._D._Robbins_et_al._(2011)._Decadal_trends_in_shark_catches_and_effort_from_the_New_South_Wales_Australia_Shark_Meshing_Program_1950-2010._Marine_and_Freshwater_Research_62(6):_676-693,Elasmobranchii,Lamniformes,Lamnidae,Carcharodon,carcharias,,(Linnaeus_1758),Great_white_shark,New_South_Wales_Australia,Australia,Australia,Oceania,NULL,NULL,-33.617943,156.094424,1,Marine,NULL,NULL,NULL,NULL,Tropical_and_subtropical_Indo-Pacific,South_Pacific_Ocean,Unknown,0,CPUE_(catch_*_100_net_days),NSW_Shark_Meshing_Program,0.153,0.269,0.323,0.348,0.232,0.304,0.298,0.168,0.271,0.261,0.17,0.166,0.172,0.223,0.143,0.178,0.219,0.199,0.184,0.126,0.238,0.114,0.327,0.223,0.341,0.221,0.137,0.248,0.05,0.091,0.052,0.0413,0.0869,0.0641,0.0745,0.0641,0.155,0.0559,0.0662,0.0517,0,0.06,0.0269,0.0828,0.0827,0.0703,0.0372,0.0393,0.0372,0.089,0.0372,0.0724,0.0703,0.0621,0.114,0.0952,0.116,0.0848,0.0931,0.06,NULL,NULL,NULL,NULL,NULL,NULL,NULL,NULL,NULL,NULL,NULL
19643,Carcharodon_carcharias,0,Towner_A._V._L._G._Underhill_et_al._(2013)._Environmental_Influences_on_the_Abundance_and_Sexual_Composition_of_White_Sharks_Carcharodon_carcharias_in_Gansbaai_South_Africa._PLoS_ONE_8(8):_e71197,Elasmobranchii,Lamniformes,Lamnidae,Carcharodon,carcharias,,(Linnaeus_1758),Great_white_shark,Periphery_of_Dyer_Island_Gansbaai_Western_Cape_South_Africa,South_Africa,South_Africa,Africa,NULL,NULL,-34.677817,19.397717,1,Marine,NULL,NULL,NULL,NULL,Atlantic_tropical_and_subtropical,South_Atlantic_Ocean,Unknown,0,Sightings_of_males_per_unit_effort_(per_trip),Sightings_from_cage_diving_boats_counts_per_trip_fitted_by_GLM,NULL,NULL,NULL,NULL,NULL,NULL,NULL,NULL,NULL,NULL,NULL,NULL,NULL,NULL,NULL,NULL,NULL,NULL,NULL,NULL,NULL,NULL,NULL,NULL,NULL,NULL,NULL,NULL,NULL,NULL,NULL,NULL,NULL,NULL,NULL,NULL,NULL,NULL,NULL,NULL,NULL,NULL,NULL,NULL,NULL,NULL,NULL,NULL,NULL,NULL,NULL,NULL,NULL,NULL,NULL,NULL,NULL,1.6629,1.9286,0.7286,0.8057,1.0114,NULL,NULL,NULL,NULL,NULL,NULL,NULL,NULL,NULL
19644,Carcharodon_carcharias,0,Towner_A._V._L._G._Underhill_et_al._(2013)._Environmental_Influences_on_the_Abundance_and_Sexual_Composition_of_White_Sharks_Carcharodon_carcharias_in_Gansbaai_South_Africa._PLoS_ONE_8(8):_e71197,Elasmobranchii,Lamniformes,Lamnidae,Carcharodon,carcharias,,(Linnaeus_1758),Great_white_shark,Joubertsdam_Gansbaai_South_Africa,South_Africa,South_Africa,Africa,NULL,NULL,-34.67993,19.415318,1,Marine,NULL,NULL,NULL,NULL,Atlantic_tropical_and_subtropical,South_Atlantic_Ocean,Unknown,0,Sightings_of_males_per_unit_effort_(per_trip),Sightings_from_cage_diving_boats_counts_per_trip_fitted_by_GLM,NULL,NULL,NULL,NULL,NULL,NULL,NULL,NULL,NULL,NULL,NULL,NULL,NULL,NULL,NULL,NULL,NULL,NULL,NULL,NULL,NULL,NULL,NULL,NULL,NULL,NULL,NULL,NULL,NULL,NULL,NULL,NULL,NULL,NULL,NULL,NULL,NULL,NULL,NULL,NULL,NULL,NULL,NULL,NULL,NULL,NULL,NULL,NULL,NULL,NULL,NULL,NULL,NULL,NULL,NULL,NULL,NULL,1.0094,0.8976,0.4199,1.5287,1.7014,NULL,NULL,NULL,NULL,NULL,NULL,NULL,NULL,NULL
19657,Carcharodon_carcharias,0,Ryklief_R._P._A._Pistorius_et_al._(2014)._Spatial_and_seasonal_patterns_in_sighting_rate_and_life-history_composition_of_the_white_shark_Carcharodon_carcharias_at_Mossel_Bay_South_Africa._African_Journal_of_Marine_Science_36(4):_449-453,Elasmobranchii,Lamniformes,Lamnidae,Carcharodon,carcharias,,(Linnaeus_1758),Great_white_shark,Mossel_Bay_-_Hartenbos,South_Africa,South_Africa,Africa,NULL,NULL,-34.2726,22.07402,1,Marine,NULL,NULL,NULL,NULL,Tropical_and_subtropical_Indo-Pacific,Indian_Ocean,Unknown,0,Sightings_per_unit_effort_SPUE_(**hr),Visual_census_Feb-Dec,NULL,NULL,NULL,NULL,NULL,NULL,NULL,NULL,NULL,NULL,NULL,NULL,NULL,NULL,NULL,NULL,NULL,NULL,NULL,NULL,NULL,NULL,NULL,NULL,NULL,NULL,NULL,NULL,NULL,NULL,NULL,NULL,NULL,NULL,NULL,NULL,NULL,NULL,NULL,NULL,NULL,NULL,NULL,NULL,NULL,NULL,NULL,NULL,NULL,NULL,NULL,NULL,NULL,NULL,NULL,NULL,NULL,NULL,1.0851,0.7128,1.1596,NULL,NULL,NULL,NULL,NULL,NULL,NULL,NULL,NULL,NULL
19658,Carcharodon_carcharias,0,Ryklief_R._P._A._Pistorius_et_al._(2014)._Spatial_and_seasonal_patterns_in_sighting_rate_and_life-history_composition_of_the_white_shark_Carcharodon_carcharias_at_Mossel_Bay_South_Africa._African_Journal_of_Marine_Science_36(4):_449-453,Elasmobranchii,Lamniformes,Lamnidae,Carcharodon,carcharias,,(Linnaeus_1758),Great_white_shark,Mossel_Bay_-_Kleinbrak,South_Africa,South_Africa,Africa,NULL,NULL,-34.1028,22.1699,1,Marine,NULL,NULL,NULL,NULL,Tropical_and_subtropical_Indo-Pacific,Indian_Ocean,Unknown,0,Sightings_per_unit_effort_SPUE_(**hr),Visual_census_Feb-Dec,NULL,NULL,NULL,NULL,NULL,NULL,NULL,NULL,NULL,NULL,NULL,NULL,NULL,NULL,NULL,NULL,NULL,NULL,NULL,NULL,NULL,NULL,NULL,NULL,NULL,NULL,NULL,NULL,NULL,NULL,NULL,NULL,NULL,NULL,NULL,NULL,NULL,NULL,NULL,NULL,NULL,NULL,NULL,NULL,NULL,NULL,NULL,NULL,NULL,NULL,NULL,NULL,NULL,NULL,NULL,NULL,NULL,NULL,2.7234,1.2766,0.2128,NULL,NULL,NULL,NULL,NULL,NULL,NULL,NULL,NULL,NULL
19664,Carcharodon_carcharias,0,Ryklief_R._P._A._Pistorius_et_al._(2014)._Spatial_and_seasonal_patterns_in_sighting_rate_and_life-history_composition_of_the_white_shark_Carcharodon_carcharias_at_Mossel_Bay_South_Africa._African_Journal_of_Marine_Science_36(4):_449-453,Elasmobranchii,Lamniformes,Lamnidae,Carcharodon,carcharias,,(Linnaeus_1758),Great_white_shark,Mossel_Bay_-_Grootbrak,South_Africa,South_Africa,Africa,NULL,NULL,-34.077,22.2346,1,Marine,NULL,NULL,NULL,NULL,Tropical_and_subtropical_Indo-Pacific,Indian_Ocean,Unknown,0,Sightings_per_unit_effort_SPUE_(**hr),Visual_census_Feb-Dec,NULL,NULL,NULL,NULL,NULL,NULL,NULL,NULL,NULL,NULL,NULL,NULL,NULL,NULL,NULL,NULL,NULL,NULL,NULL,NULL,NULL,NULL,NULL,NULL,NULL,NULL,NULL,NULL,NULL,NULL,NULL,NULL,NULL,NULL,NULL,NULL,NULL,NULL,NULL,NULL,NULL,NULL,NULL,NULL,NULL,NULL,NULL,NULL,NULL,NULL,NULL,NULL,NULL,NULL,NULL,NULL,NULL,NULL,1.2872,1.4894,1.3298,NULL,NULL,NULL,NULL,NULL,NULL,NULL,NULL,NULL,NULL
300004,Carcharodon_carcharias,0,Dewar_H._Eguchi_T._Hyde_J._Kinzey_D._H._Kohin_S._Moore_J._..._&_Vetter_R._(2013)._Status_review_of_the_northeastern_Pacific_population_of_white_sharks_(Carcharodon_carcharias)_under_the_Endangered_Species_Act.,Elasmobranchii,Lamniformes,Lamnidae,Carcharodon,carcharias,NULL,NULL,Great_white_shark,south_west_coast_of_California,United_States,NULL,North_America,NULL,NULL,36.2,-122,0,Marine,NULL,NULL,NULL,NULL,Tropical_and_subtropical_Indo-Pacific,North_Pacific_Ocean,NULL,0,individual,gillnet,NULL,NULL,NULL,NULL,NULL,NULL,NULL,NULL,NULL,NULL,NULL,NULL,NULL,NULL,NULL,NULL,NULL,NULL,NULL,NULL,NULL,NULL,NULL,NULL,NULL,NULL,NULL,NULL,NULL,NULL,0.001,0,0.001,0.001,0,0.001,0,0,0,0,0,0,0,0,0,0,0,0.001,0,0.001,0.001,0.001,0.001,0.001,0.001,0.004,0.001,0.004,0.005,0.006,0,NULL,NULL,NULL,NULL,NULL,NULL,NULL,NULL,NULL,NULL
10405,Python_regius,0,Reading_C._J._L._M._Luiselli_et_al._(2010)._Are_snake_populations_in_widespread_decline?_Biology_Letters_6(6):_777-780.,Reptilia,Squamata,Pythonidae,Python,regius,,(Shaw_1802),Ball_python_*_Royal_python,Stubbs_creek_game_reserve*forest_reserve_Nigeria,Nigeria,Nigeria,Africa,Africa,West_Africa,4.63333,7.91667,1,Terrestrial,Afrotropical,Tropical_and_subtropical_moist_broadleaf_forests,NULL,NULL,NULL,NULL,NULL,0,Number_of_individuals,Counts_by_capture,NULL,NULL,NULL,NULL,NULL,NULL,NULL,NULL,NULL,NULL,NULL,NULL,NULL,NULL,NULL,NULL,NULL,NULL,NULL,NULL,NULL,NULL,NULL,NULL,NULL,NULL,NULL,NULL,NULL,NULL,NULL,NULL,NULL,NULL,NULL,NULL,NULL,NULL,NULL,NULL,NULL,NULL,NULL,NULL,NULL,22,23,24,23,22,19,16,17,11,10,6,6,4,6,NULL,NULL,NULL,NULL,NULL,NULL,NULL,NULL,NULL,NULL,NULL,NULL
10493,Felis_silvestris,0,Heltai_M._Z._Biro_et_al._(2006)._The_changes_of_distribution_and_population_density_of_wildcats_Felis_silvestris_Schreber_1775_in_Hungary_between_1987-2001._Nature_Conservation_62(5):_37-42.,Mammalia,Carnivora,Felidae,Felis,silvestris,NULL,(Schreber_1777),Wild_cat,Hungary,Hungary,Hungary,Europe,Europe_and_Central_Asia,Central_and_Western_Europe,47.18333,20.13333,0,Terrestrial,Palearctic,Temperate_broadleaf_and_mixed_forests,NULL,NULL,NULL,NULL,NULL,0,mean_number_of_wild_cats*1000ha,Questionnaires_to_local_hunters,NULL,NULL,NULL,NULL,NULL,NULL,NULL,NULL,NULL,NULL,NULL,NULL,NULL,NULL,NULL,NULL,NULL,NULL,NULL,NULL,NULL,NULL,NULL,NULL,NULL,NULL,NULL,NULL,NULL,NULL,NULL,NULL,NULL,NULL,NULL,NULL,NULL,NULL,NULL,NULL,NULL,NULL,NULL,NULL,NULL,NULL,NULL,0.44,0.51,NULL,0.41,0.37,NULL,NULL,NULL,NULL,NULL,NULL,NULL,NULL,NULL,NULL,NULL,NULL,NULL,NULL,NULL,NULL,NULL,NULL,NULL
18329,Felis_silvestris,0,Lozano_J._E._Virgos_and_S._Cabezas-Dias._2013._Monitoring_European_wildcat_Felis_silvestris_populations_using_scat_surveys_in_central_Spain:_are_population_trends_related_to_wild_rabbit_dynamics_or_to_landscape_features?_Zoological_Studies_52:16.,Mammalia,Carnivora,Felidae,Felis,silvestris,,(Schreber_1777),Wild_cat,Madrid_and_Toledo_Provinces,Spain,Spain,Europe,Europe_and_Central_Asia,Central_and_Western_Europe,40.154671,-3.86729,0,Terrestrial,Palearctic,Mediterranean_forests_woodlands_and_scrub,NULL,NULL,NULL,NULL,NULL,0,Abundance_index,Scats_were_counted_along_1-km_transects_following_paths_in_each_of_39_survey_locations_and_an_abundance_calculated_based_on_the_frequency_of_occurrence_of_scats.,NULL,NULL,NULL,NULL,NULL,NULL,NULL,NULL,NULL,NULL,NULL,NULL,NULL,NULL,NULL,NULL,NULL,NULL,NULL,NULL,NULL,NULL,NULL,NULL,NULL,NULL,NULL,NULL,NULL,NULL,NULL,NULL,NULL,NULL,NULL,NULL,NULL,NULL,NULL,NULL,NULL,NULL,NULL,NULL,NULL,NULL,NULL,NULL,NULL,NULL,NULL,NULL,0.1475,NULL,NULL,0.2288,NULL,NULL,NULL,NULL,NULL,NULL,NULL,NULL,NULL,NULL,NULL,NULL,NULL,NULL,NULL
27558,Felis_silvestris,0,Cazacu_C._et_al._(2014)_Mapping_trends_of_large_and_medium_size_carnivores_of_conservation_interest_in_Romania_Annals_of_Forest_Research_57(1)_pp._97-107._doi:_10.15287*afr.2014.170.,Mammalia,Carnivora,Felidae,Felis,silvestris,,(Schreber_1777),Wild_cat,Romania,Romania,Romania,Europe,Europe_and_Central_Asia,Central_and_Western_Europe,46,25,0,Terrestrial,Palearctic,Temperate_broadleaf_and_mixed_forests,NULL,NULL,NULL,NULL,NULL,0,Individuals,Estimated_from_track_counts_and_scat_deposition_along_a_transect_in_game_management_units,NULL,NULL,NULL,NULL,NULL,NULL,NULL,NULL,NULL,NULL,NULL,NULL,NULL,NULL,NULL,NULL,NULL,NULL,NULL,NULL,NULL,NULL,NULL,NULL,NULL,NULL,NULL,NULL,NULL,NULL,NULL,NULL,NULL,NULL,NULL,NULL,NULL,NULL,NULL,NULL,NULL,NULL,NULL,NULL,NULL,NULL,NULL,NULL,NULL,NULL,NULL,13684,13946,13934,13826,13475,13577,13337,13355,13417,13590,13274,13941,NULL,NULL,NULL,NULL,NULL,NULL,NULL,NULL
27674,Felis_silvestris,0,Sobrino_R._et_al._(2009)_Carnivore_population_trends_in_Spanish_agrosystems_after_the_reduction_in_food_availability_due_to_rabbit_decline_by_rabbit_haemorrhagic_disease_and_improved_waste_management_European_Journal_of_Wildlife_Research_55(2)_pp._161-165._doi:_10.1007*s10344-008-0230-7.,Mammalia,Carnivora,Felidae,Felis,silvestris,,(Schreber_1777),Wild_cat,Study_area_in_Arag??n_autonomous_region,Spain,Spain,Europe,Europe_and_Central_Asia,Central_and_Western_Europe,41.479016,-0.696121,0,Terrestrial,Palearctic,Mediterranean_forests_woodlands_and_scrub,NULL,NULL,NULL,NULL,NULL,0,Kilometric_abundance_index_(number_of_individuals_seen_per_100km),Spotlight_counts_driven_along_fixed_routes_of_15_to_45_km_in_length_conducted_twice_per_month_from_January_to_April_in_nights_close_to_the_new_moon_for_better_visibility.,NULL,NULL,NULL,NULL,NULL,NULL,NULL,NULL,NULL,NULL,NULL,NULL,NULL,NULL,NULL,NULL,NULL,NULL,NULL,NULL,NULL,NULL,NULL,NULL,NULL,NULL,NULL,NULL,NULL,NULL,NULL,NULL,NULL,NULL,NULL,NULL,NULL,NULL,NULL,NULL,NULL,NULL,0.0882,0.0674,0.0668,0.0967,0.1036,0.0263,0.1254,0.1542,0.1466,0.1086,0.0935,0.086,0.1119,0.105,0.0917,NULL,NULL,NULL,NULL,NULL,NULL,NULL,NULL,NULL,NULL,NULL,NULL,NULL,NULL
